ADJ			
ADJ	a	-a	ESS
ADJ			.ABS
ADJ	ai	-ae	INS
ADJ	ama	-a=ma	ESS=CON
ADJ	am	-a=m	ESS=CON
ADJ	amma	-a=mma	ESS=2SG.ABS
ADJ	b	-v	2POSS.SG.ABS
ADJ	da	-da	DIR
ADJ	ma	=ma	.ABS=CON
ADJ	naan	-na=an	RELAT.PL.ABS=CON
ADJ	naaža	-na-až-a	RELAT.PL-PL-DAT/ESS
ADJ	-nam	-na=m	RELAT.PL.ABS=CON
ADJ	na	-na	RELAT.PL.ABS
ADJ	naža	-na-až-a	RELAT.PL-PL-DAT/ESS
ADJ	nažuž	-na-až-ož	RELAT.PL-PL-ERG
ADJ	nia	-ne-va	RELAT.SG-DAT
ADJ	nima	-ne-e=ma	RELAT.SG-DIR/LOC=CON
ADJ	ni	-ne	ABL/INS
ADJ	ni	-ne-e	RELAT.SG-DIR/LOC
ADJ	nin	-ne-n	RELAT.SG-ABL/INS
ADJ	nišša	-ne-ž=nna	RELAT.SG-ERG=3SG.ABS
ADJ	niž	-ne-ž	RELAT.SG-ERG
ADJ	n	-n	ABL/INS
ADJ	n	=n	.ABS=3SG.ABS
ADJ	n	=n	.ABS=CON
ADJ	nnam	=nna=m	.ABS=3SG.ABS=CON
ADJ	nnam	-n=nna=m	ABL/INS=3SG.ABS=CON
ADJ	ra	-ra	COM
ADJ	už	-ož	EQU
ADJ	ž	-ž	ERG
ADV			
ADV	a		
ADV	amma	-a=mma	ESS=CON
ADV	am	=m	=COM
ADV	d	=d	=1SG.ABS
ADV	ma	=ma	=CON
ADV	m	=m	=2SG.ABS
ADV	mmab	=mma=m	=2SG.ABS=CON
ADV	mma	=mma	=2SG.ABS
ADV	mma	=mma	=CON
ADV	m	=m	=CON
ADV	nam	=nna=m	=3SG.ABS=CON
ADV	nin	-ne=n	ABL/INS=3SG.ABS
ADV	nin	-ne-n	RELAT.SG-ABL/INS
ADV	niž	-ne-ž	RELAT.SG-ERG
ADV	n	=n	=3SG.ABS
ADV	n	-n	ABL/INS
ADV	nnam	=nna=m	=3SG.ABS=CON
ADV	nna	=nna	=3SG.ABS
ADV	n	=n	=CON
CONJ			
CONJ	b	=m	=2SG.ABS
CONJ	d	=d	=1SG.ABS
CONJ	l	=l	=3PL.ABS
CONJ	ma	=ma	=CON
CONJ	man	=m=an	=2SG.ABS=CON
CONJ	man	=mān	=CON
CONJ	mi	=mē	=3SG.ABS
CONJ	mma	=mma	=2SG.ABS
CONJ	n	=n	=3SG.ABS
CONJ	n	=n	=CON
CONJ	tta	=tta	=1SG.ABS
INTJ			
INTJ	l	=l	=3PL.ABS
noun	a	-a	ESS
noun	a	-a	INT
noun	aan	-a=an	ESS=CON
noun	aban	-a=v=an	ESS=2PL.ABS=CON
noun	ab	-a=v	ESS=2PL.ABS
noun	ab	-i-a=m	3POSS.SG-ESS=CON
noun			.ABS
noun	ad	-a=d	ESS=1SG.ABS
noun	adil	-a=dil	ESS=1PL.ABS
noun	a	-i-a	3POSS.SG-ESS
noun	ai	-ae	INS
noun	aib	-ae=v	INS=2PL.ABS
noun	aid	-ae=d	INS=1SG.ABS
noun	ail	-ae=l	INS=3PL.ABS
noun	ailla	-ae=lla	INS=3PL.ABS
noun	aima	-ae=ma	INS=CON
noun	ain	-ae=n	INS=3SG.ABS
noun	ain	-ae=n	INS=CON
noun	al	-a=l	.ABS-EPNTH=3PL.ABS
noun	al	-a=l	ESS=3PL.ABS
noun	alla	-a=lla	ESS=3PL.ABS
noun	allama	-a=lla=ma	ESS=3PL.ABS=CON
noun	ama	-a=ma	ESS=CON
noun	ama	-i-a=ma	3POSS.SG-ESS=CON
noun	am	-a=m	ESS=2SG.ABS
noun	am	-a=m	ESS=CON
noun	am	-i-a=m	3POSS.SG-ESS=CON
noun	amma	-a=mma	ESS=2SG.ABS
noun	amma	-a=mma	ESS=CON
noun	an	=an	.ABS=CON
noun	anan	-a=n=an	ESS=3SG.ABS=CON
noun	an	-a=n	ESS=3SG.ABS
noun	ani	-an-i	an-ANTIP
noun	ani	-i-ane	3POSS.SG-ABL/INS
noun	anm	-a=n=m	ESS=3SG.ABS=CON
noun	anna	-a=nna	ESS=3SG.ABS
noun	appa	-a=ffa	ESS=2PL.ABS
noun	araštida	-ar-ašt-ed-a	ITER-RES-FUT-3A.SG
noun	ašta	-i-až-da	3POSS-PL-DIR
noun	(-)aš(-)tuġulidan	-ž	ERG
noun	atta	-a=tta	ESS=1SG.ABS
noun	attama	-a=tta=ma	ESS=1SG.ABS=CON
noun	attam	-a=tta=m	ESS=1SG.ABS=CON
noun	aža	-i-až-a	3POSS-PL-DAT/ESS
noun	aža	-i-až-a	3POSS.SG-PL-DAT/ESS
noun	ažal	-i-až-a=l	3POSS-PL-DAT/ESS=3PL.ABS
noun	ažama	-i-až-a=ma	3POSS-PL-DAT/ESS=CON
noun	až	-až	ERG
noun	ažbini	-až-ve-ne-e	PL-GEN-RELAT.SG-DIR/LOC
noun	až	-i-až	3POSS-PL.ABS
noun	ažl	-až=l	ERG=3PL.ABS
noun	ažnna	-až=nna	ERG=3SG.ABS
noun	baan	-va=an	DAT=CON
noun	bain	-ve-ae=n	GEN-INS=3SG.ABS
noun	bai	-ve-ae	GEN-INS
noun	balla	-va=lla	DAT=3PL.ABS
noun	bal	-va=l	DAT=3PL.ABS
noun	bama	-va=ma	DAT=CON
noun	bam	-va=m	DAT=2SG.ABS
noun	bam	-va=m	DAT=CON
noun	banil	-v-ane=l	2POSS.SG-ABL/INS=3PL.ABS
noun	ban	-v-a=an	2POSS.SG-ESS=CON
noun	ban	-v=an	2POSS.SG.ABS=CON
noun	ban	-v-a=n	2POSS.SG-ESS=3SG.ABS
noun	ban	-va=n	DAT=3SG.ABS
noun	ba	-v-a	2POSS.SG-ESS
noun	ba	-va	DAT
noun	baž	-ve-až	GEN-ERG
noun	bbininim	-v-ve-ne-ne=m	2POSS.SG-GEN-RELAT.SG-ABL/INS=2SG.ABS
noun	bbininim	-v-ve-ne-ne=m	2POSS.SG-GEN-RELAT.SG-ABL/INS=CON
noun	biaib	-ve-ae=v	GEN-INS=2PL.ABS
noun	biaim	-ve-ae=m	GEN-INS=2SG.ABS
noun	biai	-ve-ae	GEN-INS
noun	billa	-ve=lla	GEN=3PL.ABS
noun	bima	-ve=ma	GEN=CON
noun	binaaža	-ve-na-až-a	GEN-RELAT.PL-PL-DAT/ESS
noun	binaažbi	-ve-na-až-ve	GEN-RELAT.PL-PL-GEN
noun	binaažuž	-ve-na-až-ož	GEN-RELAT.PL-PL-ERG
noun	bina	-ve-na	GEN-RELAT.PL.ABS
noun	bina	-ve-ne-a	GEN-RELAT.SG-ESS
noun	binažadil	-ve-na-až-a=dil	GEN-RELAT.PL-PL-DAT/ESS=1PL.ABS
noun	binažan	-ve-na-až-a=n	GEN-RELAT.PL-PL-DAT/ESS=3SG.ABS
noun	binaža	-ve-na-až-a	GEN-RELAT.PL-PL-DAT/ESS
noun	binibal	-ve-ne-va=l	GEN-RELAT.SG-DAT=3PL.ABS
noun	biniba	-ve-ne-va	GEN-RELAT.SG-DAT
noun	binibina	-ve-ne-ve-na	GEN-RELAT.SG-GEN-RELAT.PL.ABS
noun	binibinaža	-ve-ne-ve-na-až-a	GEN-RELAT.SG-GEN-RELAT.PL-PL-DAT/ESS
noun	binibi	-ve-ne-ve	GEN-RELAT.SG-GEN
noun	binidal	-ve-ne-da=l	GEN-RELAT.SG-DIR=3PL.ABS
noun	binida	-ve-ne-da	GEN-RELAT.SG-DIR
noun	binišša	-ve-ne-ž=nna	GEN-RELAT.SG-ERG=3SG.ABS
noun	bini	-ve-ne-e	GEN-RELAT.SG-DIR/LOC
noun	biniž	-ve-ne-ž	GEN-RELAT.SG-ERG
noun	bin	-ve=n	GEN=3SG.ABS
noun	bin	-ve=n	GEN=CON
noun	biužl	-ve-ož=l	GEN-EQU=3PL.ABS
noun	biužl	-ve-ož=l	GEN-ERG=3PL.ABS
noun	biuž	-ve-ož	GEN-EQU
noun	biuž	-ve-ož	GEN-ERG
noun	bi	-ve	GEN
noun	b	=m	.ABS=CON
noun	budab	-v-oda=m	2POSS.SG-DIR=CON
noun	buda	-v-oda	2POSS.SG-DIR
noun	buž	-ve-ož	GEN-EQU
noun	buž	-ve-ž	GEN-ERG
noun	buž	-v-ož	2POSS.SG-EQU
noun	buž	-v-ož	2POSS.SG-ERG
noun	b	-v	2POSS.SG.ABS
noun	dab	-da=m	DIR=CON
noun	da	-da	DIR
noun	dal	-da=l	DIR=3PL.ABS
noun	dama	-da=ma	DIR=CON
noun	dam	-da=m	DIR=CON
noun	dan	-da=an	DIR=CON
noun	dan	-dan	ABL
noun	dan	-da=n	DIR=3SG.ABS
noun	d	=d	.ABS=1SG.ABS
noun	dil	=dil	.ABS=1PL.ABS
noun	dilla	=dilla	.ABS=1PL.ABS
noun	ġibi	-ġe-ve	ADJ-GEN
noun	ġi	-ġe	ADJ.ABS
noun	ġina	-ġe-na	ADJ-RELAT.PL.ABS
noun	ġinaž	-ġe-ne-ž	ADJ-RELAT.SG-ERG
noun	ġinibina	-ġe-ne-ve-na	ADJ-RELAT.SG-GEN-RELAT.PL.ABS
noun	(-)ḫaduldašši		.ABS
noun	ḫina	-ġe-na	ADJ-RELAT.PL.ABS
noun	ḫinama	-ġe-na=ma	ADJ-RELAT.PL.ABS=CON
noun	ḫinamma	-ġe-na=mma	ADJ-RELAT.PL.ABS=CON
noun	(-)ḫuštal		.ABS
noun	ia	-e-a	3POSS.SG-ESS
noun	i	-ae	INS
noun	ia	-i-a	3POSS.SG-ESS
noun	iaža	-i-až-a	3POSS-PL-DAT/ESS
noun	iaž	-i-až	3POSS-PL.ABS
noun	ibaan	-i-va=an	3POSS.SG-DAT=CON
noun	iba	-e-va	3POSS.SG-DAT
noun	iba	-i-va	3POSS.SG-DAT
noun	iban	-i-va=n	3POSS.SG-DAT=3SG.ABS
noun	ibi	-i-ve	3POSS.SG-GEN
noun	idaan	-e-da=an	3POSS.SG-DIR=CON
noun	ida	-e-da	3POSS.SG-DIR
noun	ida	-i-da	3POSS.SG-DIR
noun	idama	-i-da=ma	3POSS.SG-DIR=CON
noun	idan	-e-dan	3POSS.SG-ABL
noun	idan	-e-da=n	3POSS.SG-DIR=3SG.ABS
noun	idan	-i-dan	3POSS.SG-ABL
noun	idan	-i-da=n	3POSS.SG-DIR=3SG.ABS
noun	i	-e	3POSS.SG.ABS
noun	i	-i	3POSS.SG.ABS
noun	i	-i-e	3POSS.SG-DIR/LOC
noun	il	-i=l	3POSS.SG.ABS=3PL.ABS
noun	-il	=l	=3PL.ABS
noun	imma	-e=mma	3POSS.SG.ABS=2SG.ABS
noun	imma	-e=mma	3POSS.SG.ABS=CON
noun	imma	-i-e=mma	3POSS.SG-DIR/LOC=2SG.ABS
noun	imma	-i-e=mma	3POSS.SG-DIR/LOC=CON
noun	induž	-ind-o-ež	PL.A-MOD.PAT-OPT
noun	inin	-ve-ne-n	GEN-RELAT.SG-ABL/INS
noun	ippi	-iffe	1POSS.SG.ABS
noun	ippubi	-iffu-ve	1POSS.SG-GEN
noun	i	-ve	GEN
noun	iž	-i-ž	3POSS.SG-ERG
noun	lilla	-ne-e=lla	RELAT.SG-DIR/LOC=3PL.ABS
noun	lilla	-ne=lla	ABL/INS=3PL.ABS
noun	lilla	-ne-ž=lla	RELAT.SG-ERG=3PL.ABS
noun	l	=l	.ABS=3PL.ABS
noun	lla	=lla	.ABS=3PL.ABS
noun	l	-ž=l	ERG=3PL.ABS
noun	ma	=ma	.ABS=2SG.ABS
noun	ma	=ma	.ABS=CON
noun	man	=man	.ABS=CON
noun	m	=m	.ABS=2SG.ABS
noun	m	=m	.ABS=CON
noun	mma	=mma	.ABS=2SG.ABS
noun	mma	=mma	.ABS=CON
noun	naai	-na-ae	RELAT.PL-INS
noun	naan	-na=an	RELAT.PL.ABS=CON
noun	naažaan	-na-až-a=an	RELAT.PL-PL-DAT/ESS=CON
noun	naažalla	-na-až-a=lla	RELAT.PL-PL-DAT/ESS=3PL.ABS
noun	naažal	-na-až-a=l	RELAT.PL-PL-DAT/ESS=3PL.ABS
noun	naažama	-na-až-a=ma	RELAT.PL-PL-DAT/ESS=CON
noun	naažam	-na-až-a=m	RELAT.PL-PL-DAT/ESS=2SG.ABS
noun	naaža	-na-až-a	RELAT.PL-PL-DAT/ESS
noun	naažanilla	-na-až-ane=lla	RELAT.PL-PL-ABL/INS=3PL.ABS
noun	naažan	-na-až-a=n	RELAT.PL-PL-DAT/ESS=3SG.ABS
noun	naažbiai	-na-až-ve-ae	RELAT.PL-PL-GEN-INS
noun	naažbinaažuž	-na-až-ve-na-až-ož	RELAT.PL-PL-GEN-RELAT.PL-PL-ERG
noun	naažbi	-na-až-ve	RELAT.PL-PL-GEN
noun	naažbina	-na-až-ve-na	RELAT.PL-PL-GEN-RELAT.PL.ABS
noun	naažbini	-na-až-ve-ne	RELAT.PL-PL-GEN-ABL/INS
noun	naažbiniž	-na-až-ve-ne-ž	RELAT.PL-PL-GEN-RELAT.SG-ERG
noun	naaždal	-na-až-da=l	RELAT.PL-PL-DIR=3PL.ABS
noun	naažda	-na-až-da	RELAT.PL-PL-DIR
noun	naažunna	-na-až-onna	RELAT.PL-PL-EQU2
noun	naažura	-na-až-ora	RELAT.PL-PL-COM
noun	naažužl	-na-až-ož=l	RELAT.PL-PL-ERG=3PL.ABS
noun	naažuž	-na-až-ož	RELAT.PL-PL-ERG
noun	naažužnna	-na-až-ož=nna	RELAT.PL-PL-ERG=3SG.ABS
noun	nama	-na=ma	RELAT.PL.ABS=CON
noun	namma	-na=mma	RELAT.PL.ABS=2SG.ABS
noun	namma	-na=mma	RELAT.PL.ABS=CON
noun	nam	-na=m	RELAT.PL.ABS=CON
noun	nanan	-na=nan	RELAT.PL.ABS=CON
noun	na	-na	RELAT.PL.ABS
noun	na	-ne-a	RELAT.SG-ESS
noun	nan	=n=an	=3SG.ABS=CON
noun	nan	-n=an	ABL/INS=CON
noun	nažal	-na-až-a=l	RELAT.PL-PL-DAT/ESS=3PL.ABS
noun	naža	-na-až-a	RELAT.PL-PL-DAT/ESS
noun	nažan	-na-až-a=n	RELAT.PL-PL-DAT/ESS=3SG.ABS
noun	nažuž	-na-až-ož	RELAT.PL-PL-ERG
noun	niail	-ne-ae=l	RELAT.SG-INS=3PL.ABS
noun	niai	-ne-ae	RELAT.SG-INS
noun	nibaan	-ne-va=an	RELAT.SG-DAT=CON
noun	nibadil	-ne-va=dil	RELAT.SG-DAT=1PL.ABS
noun	nibad	-ne-va=d	RELAT.SG-DAT=1SG.ABS
noun	nibai	-ne-ve-ae	RELAT.SG-GEN-INS
noun	nibain	-ne-ve-ae=n	RELAT.SG-GEN-INS=3SG.ABS
noun	nibal	-ne-va=l	RELAT.SG-DAT=3PL.ABS
noun	nibaman	-ne-va=m=an	RELAT.SG-DAT=2SG.ABS=CON
noun	nibaman	-ne-va=man	RELAT.SG-DAT=CON
noun	nibaman	-ne-va=mān	RELAT.SG-DAT=CON
noun	niba	-ne-va	RELAT.SG-DAT
noun	niba	-ne-ve-a	RELAT.SG-GEN-ESS
noun	niban	-ne-va=an	RELAT.SG-DAT=CON
noun	niban	-ne-va=n	RELAT.SG-DAT=3SG.ABS
noun	nibiai	-ne-ve-ae	RELAT.SG-GEN-INS
noun	nibil	-ne-ve=l	RELAT.SG-GEN=3PL.ABS
noun	nibima	-ne-ve=ma	RELAT.SG-GEN=CON
noun	nibinaaža	-ne-ve-na-až-a	RELAT.SG-GEN-RELAT.PL-PL-DAT/ESS
noun	nibinaažuž	-ne-ve-na-až-ož	RELAT.SG-GEN-RELAT.PL-PL-ERG
noun	nibinama	-ne-ve-na=ma	RELAT.SG-GEN-RELAT.PL.ABS=CON
noun	nibina	-ne-ve-na	RELAT.SG-GEN-RELAT.PL.ABS
noun	nibinaža	-ne-ve-na-až-a	RELAT.SG-GEN-RELAT.PL-PL-DAT/ESS
noun	nibinažuž	-ne-ve-na-až-ož	RELAT.SG-GEN-RELAT.PL-PL-ERG
noun	nibi	-ne-ve	RELAT.SG-GEN
noun	nibinia	-ne-ve-ne-a	RELAT.SG-GEN-RELAT.SG-ESS
noun	nibinidal	-ne-ve-ne-da=l	RELAT.SG-GEN-RELAT.SG-DIR=3PL.ABS
noun	nibinida	-ne-ve-ne-da	RELAT.SG-GEN-RELAT.SG-DIR
noun	nibinilla	-ne-ve-ne-e=lla	RELAT.SG-GEN-RELAT.SG-DIR/LOC=3PL.ABS
noun	nibini	-ne-ve-ne-e	RELAT.SG-GEN-RELAT.SG-DIR/LOC
noun	nibinin	-ne-ve-ne-e=n	RELAT.SG-GEN-RELAT.SG-DIR/LOC=3SG.ABS
noun	nibinin	-ne-ve-ne-n	RELAT.SG-GEN-RELAT.SG-ABL/INS
noun	nibiniž	-ne-ve-ne-ž	RELAT.SG-GEN-RELAT.SG-ERG
noun	nibiuž	-ne-ve-ož	RELAT.SG-GEN-EQU
noun	nib	-ne-e=v	RELAT.SG-DIR/LOC=2PL.ABS
noun	nib	-ne=v	ABL/INS=2PL.ABS
noun	nibuž	-ne-ve-ož	RELAT.SG-GEN-EQU
noun	nibuž	-ne-ve-ož	RELAT.SG-GEN-ERG
noun	nidal	-ne-da=l	RELAT.SG-DIR=3PL.ABS
noun	nida	-ne-da	RELAT.SG-DIR
noun	nidan	-ne-da=an	RELAT.SG-DIR=CON
noun	nidan	-ne-dan	RELAT.SG-ABL
noun	nidan	-ne-da=n	RELAT.SG-DIR=3SG.ABS
noun	nidil	-ne=dil	ABL/INS=1PL.ABS
noun	nidil	-ne-e=dil	RELAT.SG-DIR/LOC=1PL.ABS
noun	nilla	-ne-e=lla	RELAT.SG-DIR/LOC=3PL.ABS
noun	nilla	-ne=lla	ABL/INS=3PL.ABS
noun	nilla	-ne-ž=lla	RELAT.SG-ERG=3PL.ABS
noun	nil	-ne-e=l	RELAT.SG-DIR/LOC=3PL.ABS
noun	nil	-ne=l	ABL/INS=3PL.ABS
noun	nil	-ne-ž=l	RELAT.SG-ERG=3PL.ABS
noun	nima	-ne-e=ma	RELAT.SG-DIR/LOC=CON
noun	nima	-ne=ma	ABL/INS=CON
noun	nimma	-ne-e=mma	RELAT.SG-DIR/LOC=2SG.ABS
noun	nimma	-ne-e=mma	RELAT.SG-DIR/LOC=CON
noun	nimma	-ne=mma	ABL/INS=2SG.ABS
noun	nimma	-ne=mma	ABL/INS=CON
noun	nim	-ne-e=m	RELAT.SG-DIR/LOC=2SG.ABS
noun	nim	-ne-e=m	RELAT.SG-DIR/LOC=CON
noun	nim	-ne=m	ABL/INS=2SG.ABS
noun	nim	-ne=m	ABL/INS=CON
noun	nina	-ne-nna	RELAT.SG-EQU2
noun	nina	-nna	EQU2
noun	ni	-na	RELAT.PL.ABS
noun	-ni	-ne	ABL/INS
noun	ni	-ne	ABL/INS
noun	ni	-ne-e	ABL/INS-DIR/LOC
noun	-ni	-ne-e	RELAT.SG-DIR/LOC
noun	ni	-ne-e	RELAT.SG-DIR/LOC
noun	ni	-ne-ž	RELAT.SG-ERG
noun	ninidil	-ne-ne=dil	RELAT.SG-ABL/INS=1PL.ABS
noun	ninil	-ne-ne=l	RELAT.SG-ABL/INS=3PL.ABS
noun	nini	-ne-ne	RELAT.SG-ABL/INS
noun	ninin	-ne-ne=n	RELAT.SG-ABL/INS=CON
noun	ni(-)nišša	-ne	ABL/INS
noun	ni(-)nišša	-ne-e	RELAT.SG-DIR/LOC
noun	ninna	-ne-e=nna	RELAT.SG-DIR/LOC=3SG.ABS
noun	ninna	-ne=nna	ABL/INS=3SG.ABS
noun	ninna	-ne-nna	RELAT.SG-EQU2
noun	nin	-ne-e=n	RELAT.SG-DIR/LOC=3SG.ABS
noun	nin	-ne-e=n	RELAT.SG-DIR/LOC=CON
noun	nin	-ne=n	ABL/INS=3SG.ABS
noun	nin	-ne=n	ABL/INS=CON
noun	nin	-ne-n	RELAT.SG-ABL/INS
noun	nira	-ne-ra	RELAT.SG-COM
noun	nišša	-ne-ž=nna	RELAT.SG-ERG=3SG.ABS
noun	nižd	-ne-ž=d	RELAT.SG-ERG=1SG.ABS
noun	nižlla	-ne-ž=lla	RELAT.SG-ERG=3PL.ABS
noun	nižl	-ne-ž=l	RELAT.SG-ERG=3PL.ABS
noun	niž	-ne-ž	RELAT.SG-ERG
noun	nižnna	-ne-ž=nna	RELAT.SG-ERG=3SG.ABS
noun	n	-n	ABL/INS
noun	n	=n	.ABS=3SG.ABS
noun	n	=n	.ABS=CON
noun	nna	-na	RELAT.PL
noun	nna	=nna	.ABS=3SG.ABS
noun	nna	-nna	EQU2
noun	nniba	-ne-va	RELAT.SG-DAT
noun	nnin	-ne-e=n	RELAT.SG-DIR/LOC=3SG.ABS
noun	nnin	-ne-n	RELAT.SG-ABL/INS
noun	nni	-nni	ASS
noun	⸢pa⸣ša	-v-až-a	2POSS-PL-DAT/ESS
noun	-pa	-va	DAT
noun	pa	-va	DAT
noun	p⸢pa?⸣an	-v-va=an	2POSS.SG-DAT=CON
noun	p⸢pa?⸣an	-v-va=n	2POSS.SG-DAT=3SG.ABS
noun	ppamma	-v-va=mma	2POSS.SG-DAT=2SG.ABS
noun	ppamma	-v-ve=mma	2POSS.SG-GEN=2SG.ABS
noun	ppan	=ffa=an	.ABS=2PL.ABS=CON
noun	ppan	-v-va=an	2POSS.SG-DAT=CON
noun	ppan	-v-va=n	2POSS.SG-DAT=3SG.ABS
noun	ppa	-v=ma	2POSS.SG.ABS=CON
noun	ppa	-v-va	2POSS.SG-DAT
noun	ppinama	-v-ve-na=ma	2POSS.SG-GEN-RELAT.PL.ABS=CON
noun	ppinaža	-v-ve-na-až-a	2POSS.SG-GEN-RELAT.PL-PL-DAT/ESS
noun	ppinid	-v-ve-ne-e=d	2POSS.SG-GEN-RELAT.SG-DIR/LOC=1SG.ABS
noun	ppi	-v-ve	2POSS.SG-GEN
noun	ra	-ra	COM
noun	ša	-va	DAT
noun	šša	-ž=nna	ERG=3SG.ABS
noun	šši	-šši	2POSS.PL.ABS
noun	-ta	-da	DIR
noun	(-)tamašši		.ABS
noun	ubadi	-o-vade	PAT-ADJ.NEG.ABS
noun	udal	-oda=l	DIR=3PL.ABS
noun	uda	-oda	DIR
noun	uliž	-o-l-ež	MOD.PAT-l-OPT
noun	ul	=l	.ABS=3PL.ABS
noun	ul	-ož=l	ERG=3PL.ABS
noun	urulaiž	-ur-o-l-ai-ž	ur-MOD.PAT-l-PURP-ž
noun	uwa	-u-a	MED-3A.SG
noun	už	-i-ož	3POSS.SG-EQU
noun	užl	-ož=l	ERG=3PL.ABS
noun	už	-ož	EQU
noun	už	-ož	ERG
noun	WA	-va	DAT
noun	WA	-ve	GEN
noun	wi	-ve	GEN
noun		-ž	ERG
noun	žllama	-ž=lla=ma	ERG=3PL.ABS=CON
noun	žlla	-ž=lla	ERG=3PL.ABS
noun	žl	-ž=l	ERG=3PL.ABS
noun	žuda	-ž-oda	2POSS.PL-DIR
noun	ž	-ž	ERG
NUM			
NUM	a	-a	ESS
NUM	a	-a	INT
NUM			.ABS
NUM	ad	-a=d	ESS=1SG.ABS
NUM	ai	-ae	INS
NUM	aib	-ae=v	INS=2PL.ABS
NUM	am	-i-a=m	3POSS.SG-ESS=CON
NUM	amma	-a=mma	ESS=2SG.ABS
NUM	an	-i-a=n	3POSS.SG-ESS=3SG.ABS
NUM	aža	-i-až-a	3POSS-PL-DAT/ESS
NUM	ažuž	-i-až-ož	3POSS-PL-ERG
NUM	b	=v	.ABS=2PL.ABS
NUM	l	-ž=l	ERG=3PL.ABS
NUM	ma	=ma	.ABS=CON
NUM	na	-na	RELAT.PL.ABS
NUM	niba	-ne-va	RELAT.SG-DAT
NUM	ni	-ne	ABL/INS
NUM	ni	-ne-e	RELAT.SG-DIR/LOC
NUM	nin	-ne-n	RELAT.SG-ABL/INS
NUM	n	-n	ABL/INS
NUM	n	=n	.ABS=3SG.ABS
NUM	nna	=nna	=3SG.ABS
NUM	ž	-ž	ERG
POST			
POST	n	=n	=3SG.ABS
PREP			
PREP	ž		
PRON	a	-a	ESS
PRON			.ABS
PRON	al	-a=l	ESS=3PL.ABS
PRON	appa	-a=ffa	ESS=2PL.ABS
PRON	aža	-až-a	PL-DAT/ESS
PRON	až	-až	ERG
PRON	ažuda	-až-oda	PL-DIR
PRON	bai	-ve-ae	GEN-INS
PRON	balla	-va=lla	DAT=3PL.ABS
PRON	ba	-va	DAT
PRON	bi	-ve	GEN
PRON	da	-da	DIR
PRON	dil	=dil	.ABS=1PL.ABS
PRON	dilla	-ž=dilla	ERG=1PL.ABS
PRON	d	-ž=d	ERG=1SG.ABS
PRON	l	=l	=3PL.ABS
PRON	l	=l	.ABS=3PL.ABS
PRON	llam	=lla=m	.ABS=3PL.ABS=CON
PRON	l	-ž=l	ERG=3PL.ABS
PRON	ma	=ma	.ABS=CON
PRON	m	=m	.ABS=CON
PRON	niba	-ne-va	RELAT.SG-DAT
PRON	nibininna	-ne-ve-ne-nna	RELAT.SG-GEN-RELAT.SG-EQU2
PRON	ni	-ne	ABL/INS
PRON	ni	-ne-e	RELAT.SG-DIR/LOC
PRON	nini	-ne-ne	RELAT.SG-ABL/INS
PRON	n	=n	.ABS=3SG.ABS
PRON	n	=n	.ABS=CON
PRON	nnanan	=nna=nan	=3SG.ABS=CON
PRON	nnan	=nna=an	.ABS=3SG.ABS=CON
PRON	ra	-ra	COM
PRON	šša	-ž=nna	ERG=3SG.ABS
PRON	uda	-oda	DIR
PRON	ul	-ož=l	ERG=3PL.ABS
PRON	za	-z-a	PL-DAT/ESS
PRON	ža	-ž-a	PL-DAT/ESS
PRON	žnnam	-ž=nna=m	ERG=3SG.ABS=CON
PRON	žuda	-ž-oda	PL-DIR
PRON	žurama	-ž-ora=ma	PL-COM=CON
PRON	zura	-z-ora	PL-COM
PRON	zušša	-z-ož=nna	PL-ERG=3SG.ABS
PRON	zuž	-z-ož	PL-ERG
PRON	žuž	-ž-ož	PL-ERG
PRON	ž	-ž	ERG
unclear			
unclear	a	-a	ESS
verb	a	-a	3A.SG
verb	a	-a	ESS
verb	a	-a	INT
verb	a	-a	INT.IMP
verb	ab	-a-b	INT-b
verb	ab	-a=m	INT=2SG.ABS
verb	ab	-a=m	INT=CON
verb	aban	-a-b=an	INT-b=CON
verb	ab	-a=v	INT=2PL.ABS
verb	ab	-a=v	INT.IMP=2PL.ABS
verb	ada	-ad-a	ad-3A.SG
verb	ada	-ad-a	ad-INT
verb	ad	-a=d	INT=1SG.ABS
verb	adal	-ad-a=l	ad-3A.SG=3PL.ABS
verb	adal	-ad-a=l	ad-INT=3PL.ABS
verb	adal	-ar-a=l	ITER-3A.SG=3PL.ABS
verb	adal	-ar-a=l	ITER-INT=3PL.ABS
verb	adi	-ad-i	ad-ANTIP
verb	adib	-ad-i-b	ad-ANTIP-b
verb	adil	-a=dil	INT=1PL.ABS
verb	adilaib	-ad-i-l-ai=v	ad-MOD.AG-l-PURP=2PL.ABS
verb	adin	-ad-i-en	ad-MOD.AG-3JUSS
verb	adu	-ad-o	ad-MOD.PAT
verb	adu	-ad-u	ad-MED
verb	adum	-ad-o-m	ad-TR.PFV-3A.SG
verb	aduppu	-ad-uffu	ad-1A.SG.NEG
verb	aduwamma	-ad-u-a=mma	ad-MED-3A.SG=2SG.ABS
verb	aduwamma	-ad-u-a=mma	ad-MED-3A.SG=CON
verb	adužilai	-ad-ož-i-l-ai	ad-ož-MOD.AG-l-PURP
verb	aġa	-aġ-a	aġ-3A.SG
verb	aġa	-aġ-a	aġ-INT
verb	aġa	-aḫḫ-a	aḫḫ-3A.SG
verb	aġa	-aḫḫ-a	aḫḫ-INT
verb	aġa	-aʾ-a	aʾ-3A.SG
verb	aġa	-aʾ-a	aʾ-INT
verb	aġai	-aġ-i-ai	aġ-MOD.AG-PURP
verb	agi	-ag-i	ag-ANTIP
verb	aġi	-aġ-i	aġ-ANTIP
verb	aġilla	-aġ-i=lla	aġ-ANTIP=3PL.ABS
verb	aġugarilla	-aġ-ugar-i=lla	aġ-RECIP-ANTIP=3PL.ABS
verb	agum	-ag-o-m	ag-TR.PFV-3A.SG
verb	aġum	-aġ-o-m	aġ-TR.PFV-3A.SG
verb	aḫḫi	-aḫḫ-i	aḫḫ-ANTIP
verb	aḫḫum	-aḫḫ-o-m	aḫḫ-TR.PFV-3A.SG
verb	aḫḫužillai	-aḫḫ-ož-ill-i-ai	aḫḫ-ož-ill-MOD.AG-PURP
verb	aḫtu	-aġ-id-o	aġ-PL.A-TR.PFV
verb	a	-i-a	TR-3A.SG
verb	ai	-i-ai	MOD.AG-PURP
verb	ain	-i-ai=n	MOD.AG-PURP=3SG.ABS
verb	ain	-i-ai=n	MOD.AG-PURP=CON
verb	ain	-i-ai-n	MOD.AG-PURP-n
verb	ainna	-i-ai=nna	MOD.AG-PURP=3SG.ABS
verb	aižal	-i-ai-ž-a=l	MOD.AG-PURP-ž-EPNTH=3PL.ABS
verb	aiž	-i-ai-ž	MOD.AG-PURP-ž
verb	ala	-al-a	al-3A.SG
verb	ala	-al-a	al-INT
verb	alal	-al-a=l	al-3A.SG=3PL.ABS
verb	alal	-al-a=l	al-INT=3PL.ABS
verb	al	-a=l	INT=3PL.ABS
verb	alam	-al-a=m	al-INT.IMP=2SG.ABS
verb	alda	-al-d-a	al-d-3A.SG
verb	alda	-al-d-a	al-d-INT
verb	aldida	-al-d-ed-a	al-d-FUT-3A.SG
verb	aldili	-al-d-i-le	al-d-MOD.AG-1JUSS
verb	aldum	-al-d-o-m	al-d-TR.PFV-3A.SG
verb	alidin	-al-id-en	al-PL.A-3JUSS
verb	alla	-a=lla	INT=3PL.ABS
verb	alli	-al-i-le	al-MOD.AG-1JUSS
verb	allidašši	-all-ed-a-šše	all-FUT-3A.SG-NMLZ.ABS
verb	allin	-al-i-le=n	al-MOD.AG-1JUSS=3SG.ABS
verb	allin	-al-i-le=n	al-MOD.AG-1JUSS=CON
verb	ama	-a=ma	INT=CON
verb	ama	-i-a=ma	TR-3A.SG=CON
verb	ama	-i-a-ma	TR-3A.SG-NEG
verb	am	-a=m	INT=2SG.ABS
verb	am	-a=m	INT=CON
verb	am	-a=m	INT.IMP=2SG.ABS
verb	am	-a=m	INT.IMP=CON
verb	amaruliž	-am-ar-o-l-ež	FACT-ITER-MOD.PAT-l-OPT
verb	amdum	-am-d-o-m	FACT-d-TR.PFV-3A.SG
verb	ami	-am-i	FACT-ANTIP
verb	amin	-am-i-en	FACT-MOD.AG-3JUSS
verb	amin	-am-i=n	FACT-ANTIP=3SG.ABS
verb	amin	-am-i=n	FACT-ANTIP=CON
verb	amma	-a=mma	INT=2SG.ABS
verb	amma	-a=mma	INT=CON
verb	amma	-a=mma	INT.IMP=2SG.ABS
verb	ammi	-amm-i	FACT-ANTIP
verb	ammu	-amm-o	FACT-2A.SG
verb	ammu	-amm-o	FACT-MOD.PAT
verb	ammu	-amm-u	FACT-MED
verb	amu	-am-aw	FACT-1A.SG
verb	amu	-am-u	FACT-MED
verb	amula	-am-ol-a	FACT-ol-3A.SG
verb	amuwa	-i	ANTIP
verb	ana	-an-a	an-3A.SG
verb	ana	-an-a	an-INT
verb	ana	-an-a	CAUS-3A.SG
verb	anab	-an-a-b	an-INT-b
verb	andu	-an-id-o	an-PL.A-TR.PFV
verb	andu	-an-id-o	CAUS-PL.A-TR.PFV
verb	ani	-an-i	an-ANTIP
verb	ani	-an-i	an-TR.IMP
verb	aniba	-an-i-eva	an-MOD.AG-POT
verb	anida	-an-ed-a	an-FUT-3A.SG
verb	anida	-an-ed-a	CAUS-FUT-3A.SG
verb	anidaw	-an-ed-aw	an-FUT-1A.SG
verb	anidi	-an-ed-i	an-FUT-ANTIP
verb	anidu	-an-id-o	an-PL.A-TR.PFV
verb	anidu	-an-id-o	CAUS-PL.A-TR.PFV
verb	anišša	-an-i-šše-a	an-ANTIP-NMLZ-ESS
verb	annia	-ann-i-a	ann-TR-3A.SG
verb	anni	-i-anni	MOD.AG-DESID
verb	annim	-i-anni=m	MOD.AG-DESID=2SG.ABS
verb	annim	-i-anni=m	MOD.AG-DESID=CON
verb	anu	-an-o	an-MOD.PAT
verb	anu	-an-u	an-MED
verb	anuba	-an-o-eva	an-MOD.PAT-POT
verb	anub	-an-o-m	an-TR.PFV-3A.SG
verb	a(-)nudum	-an-ud-o-m	an-NEG-TR.PFV-3A.SG
verb	anula	-an-ol-a	an-ol-INT
verb	anumal	-an-o-m-a=l	an-TR.PFV-3A.SG-EPNTH=3PL.ABS
verb	anum	-an-o-m	an-TR.PFV-3A.SG
verb	anurum	-an-ur-o-m	an-ur-TR.PFV-3A.SG
verb	anuž	-an-o-ež	an-MOD.PAT-OPT
verb	appa	-a-b=ma	INT-b=CON
verb	appanan	-a=ffa=nan	3A.SG=2PL.ABS=CON
verb	appanan	-a=ffa=nan	INT=2PL.ABS=CON
verb	ara	-ar-a	ITER-3A.SG
verb	ara	-ar-a	ITER-INT
verb	aralla	-ar-a=lla	ITER-3A.SG=3PL.ABS
verb	aralla	-ar-a=lla	ITER-INT=3PL.ABS
verb	araštum	-ar-ašt-o-m	ITER-RES-TR.PFV-3A.SG
verb	ari	-ar-i	ITER-ANTIP
verb	arillum	-ar-ill-o-m	ITER-INGR-TR.PFV-3A.SG
verb	arinna	-ar-i=nna	ITER-ANTIP=3SG.ABS
verb	arinna	-ar-i=nna	ITER-TR.IMP=3SG.ABS
verb	arrai	-ar-i-l-ai	ITER-MOD.AG-l-PURP
verb	arudanam	-ar-u-d-a=n=m	ITER-MED-PL.A-3A=3SG.ABS=CON
verb	arugara	-ar-ugar-a	ITER-RECIP-3A.SG
verb	arugara	-ar-ugar-a	ITER-RECIP-INT
verb	aruwa	-ar-u-a	ITER-MED-3A.SG
verb	ašši	-a-šše	INT-NMLZ.ABS
verb	ašši	-i-a-šše	TR-3A.SG-NMLZ.ABS
verb	aššilla	-a-šše=lla	INT-NMLZ.ABS=3PL.ABS
verb	aššina	-a-šše-na	INT-NMLZ-RELAT.PL.ABS
verb	ašta	-ašt-a	RES-INT
verb	aštab	-ašt-a-b	RES-INT-b
verb	aštama	-ašt-a=ma	RES-3A.SG=CON
verb	aštama	-ašt-a=ma	RES-INT=CON
verb	aštaw	-ašt-aw	RES-1A.SG
verb	ašti	-ašt-i	RES-ANTIP
verb	ašti	-ašt-i	RES-TR.IMP
verb	aštib	-ašt-i-b	RES-ANTIP-b
verb	aštida	-ašt-ed-a	RES-FUT-3A.SG
verb	aštidaw	-ašt-ed-aw	RES-FUT-1A.SG
verb	aštidda	-ašt-ed-d-a	RES-FUT-PL.A-3A
verb	aštidu	-ašt-ed-aw	RES-FUT-1A.SG
verb	aštidu	-ašt-ed-o	RES-FUT-2A.SG
verb	aštikki	-ašt-i-kki	RES-ANTIP-NEG
verb	aštili	-ašt-i-le	RES-MOD.AG-1JUSS
verb	aštilib	-ašt-i-le=m	RES-MOD.AG-1JUSS=2SG.ABS
verb	aštilib	-ašt-i-le=m	RES-MOD.AG-1JUSS=CON
verb	aštilib	-ašt-il-i-b	RES-il-ANTIP-b
verb	aštitta	-ašt-i=tta	RES-ANTIP=1SG.ABS
verb	aštiž	-ašt-i-ež	RES-MOD.AG-OPT
verb	aštu	-ašt-o	RES-2A.SG
verb	aštu	-ašt-o	RES-MOD.PAT
verb	aštu	-ašt-u	RES-MED
verb	aštum	-ašt-o-m	RES-TR.PFV-3A.SG
verb	aštuž	-ašt-o-ež	RES-MOD.PAT-OPT
verb	atta	-a=tta	INT=1SG.ABS
verb	attama	-ad-d-a=ma	ad-PL.A-3A=CON
verb	attama	-a=tta=ma	INT=1SG.ABS=CON
verb	attam	-a=tta=m	INT=1SG.ABS=CON
verb	aulda	-aʾ-ol-d-a	aʾ-ol-PL.A-3A
verb	awž	-aw-ž	1A-PL
verb	ažib	-až-i-b	až-ANTIP-b
verb	ažilaum	-až-il-aw=m	až-il-1A.SG=2SG.ABS
verb	ažiliž	-až-i-l-ež	až-MOD.AG-l-OPT
verb	ažuž	-až-o-ež	až-MOD.PAT-OPT
verb	ba	-b-a	b-INT
verb	da	-d-a	d-INT
verb	dai	-d-i-ai	d-MOD.AG-PURP
verb	dal	-d-a=l	d-INT=3PL.ABS
verb	danurum	-d-an-ur-o-m	d-an-ur-TR.PFV-3A.SG
verb	dib	-d-i-b	d-ANTIP-b
verb	di	-d-i	d-ANTIP
verb	di	-d-i	d-TR.IMP
verb	didum	-d-id-o=m	d-PL.A-TR.PFV=2SG.ABS
verb	didum	-d-id-o=m	d-PL.A-TR.PFV=CON
verb	dim	-d-i=m	d-TR.IMP=2SG.ABS
verb	du	-d-o	d-2A.SG
verb	du	-d-o	d-MOD.PAT
verb	du	-d-u	d-MED
verb	dukku	-d-o-kko	d-INT-NEG
verb	dum	-d-o=m	d-MOD.PAT=CON
verb	dum	-d-o-m	d-TR.PFV-3A.SG
verb	dum	-d-u=m	d-MED=2SG.ABS
verb	duži	-d-ož-i	d-PST-ANTIP
verb	iab	-i-a=m	TR-3A.SG=CON
verb	ia	-i-a	TR-3A.SG
verb	iam	-i-a=m	TR-3A.SG=CON
verb	iamma	-i-a-mma	TR-3A.SG-NEG
verb	ian	-i-a=an	TR-3A.SG=CON
verb	ian	-i-a=n	TR-3A.SG=3SG.ABS
verb	ian	-i-en	MOD.AG-3JUSS
verb	iaž	-i-a-ž	TR-3A-PL
verb	ibadai	-i-vade-ae	AG-ADJ.NEG-INS
verb	ibadan	-i-eva=d=an	MOD.AG-POT=1SG.ABS=CON
verb	ibad	-i-b-a=d	ANTIP-b-EPNTH=1SG.ABS
verb	ibad	-i-eva=d	MOD.AG-POT=1SG.ABS
verb	ibadi	-i-vade	AG-ADJ.NEG.ABS
verb	iba	-i-eva	MOD.AG-POT
verb	ibainima	-i-va-en-i=ma	MOD.AG-NEG-3JUSS-EPNTH=CON
verb	ibatta	-i-eva=tta	MOD.AG-POT=1SG.ABS
verb	ib	-i-b	ANTIP-b
verb	ib	-i=m	ANTIP=CON
verb	ib	-i=v	ANTIP=2PL.ABS
verb	ib	-i=v	TR.IMP=2PL.ABS
verb	idab	-ed-aw	FUT-1A.SG
verb	ida	-ed-a	FUT-3A.SG
verb	ida	-id-a	PL.A-3A
verb	ida	-i-d-a	TR-PL.A-3A
verb	ida	-id-en	PL.A-3JUSS
verb	idan	-id-en	PL.A-3JUSS
verb	idannim	-id-anni=m	PL.A-DESID=2SG.ABS
verb	idaššu	-ed-aššo	FUT-2A.PL
verb	idauž	-ed-aw-ž	FUT-1A-PL
verb	idaw	-ed-aw	FUT-1A.SG
verb	idawul	-ed-aw=l	FUT-1A.SG=3PL.ABS
verb	idia	-ed-i-a	FUT-TR-3A.SG
verb	id	-i=d	ANTIP=1SG.ABS
verb	idi	-ed-i	FUT-ANTIP
verb	idi	-id-en	PL.A-3JUSS
verb	idimain	-i+m+ai-n	CVB-n
verb	idin	-id-en	PL.A-3JUSS
verb	idu	-ed-aw	FUT-1A.SG
verb	idu	-ed-o	FUT-2A.SG
verb	idu	-ed-u	FUT-MED
verb	idu	-id-o	PL.A-TR.PFV
verb	idul	-id-o=l	PL.A-TR.PFV=3PL.ABS
verb	idum	-id-o=m	PL.A-TR.PFV=2SG.ABS
verb	iduri	-id-o-re	PL.A-PAT-PTCP.ABS
verb	iduwa	-ed-u-a	FUT-MED-3A.SG
verb	i	-e	STAT
verb	iġa	-eġ-a	eġ-INT
verb	iġa	-iġ-a	iġ-3A.SG
verb	iġa	-iġ-a	iġ-INT
verb	iġib	-eġ-i-b	eġ-ANTIP-b
verb	i(-)ḫaduldašši	-iġ-ad-ol-d-a-šše	iġ-ad-ol-PL.A-3A-NMLZ.ABS
verb	i(-)ḫuštal	-i	ANTIP
verb	i(-)ḫuštal	-iġ-ož-d-a=l	iġ-PST-d-INT=3PL.ABS
verb	i(-)ḫuštal	-iġ-ož-d-a=l	iġ-PST-PL.A-3A=3PL.ABS
verb	i(-)ḫuštal	-iġ-ušt-a=l	iġ-RES-3A.SG=3PL.ABS
verb	i(-)ḫuštal	-iġ-ušt-a=l	iġ-RES-INT=3PL.ABS
verb	i	-i	ANTIP
verb	i	-i-en	MOD.AG-3JUSS
verb	i	-i	TR.IMP
verb	ikkamma	-i-kki=mma	ANTIP-NEG=2SG.ABS
verb	ikki	-i-kki	ANTIP-NEG
verb	ikkiman	-i-kki=mān	ANTIP-NEG=CON
verb	ilai	-i-l-ai	MOD.AG-l-PURP
verb	ila	-il-a	il-3A.SG
verb	ila	-il-a	il-INT
verb	ilanni	-i-l-anni	MOD.AG-l-DESID
verb	ilanum	-il-an-o-m	il-an-TR.PFV-3A.SG
verb	ilibaž	-i-l-eva-ž	MOD.AG-l-POT-ž
verb	ilibažnna	-i-l-eva-ž=nna	MOD.AG-l-POT-ž=3SG.ABS
verb	ili	-i-le	MOD.AG-1JUSS
verb	il	-i=l	ANTIP=3PL.ABS
verb	il	-i=l	TR.IMP=3PL.ABS
verb	ilippa	-i-le=ffa	MOD.AG-1JUSS=2PL.ABS
verb	iliž	-i-l-ež	MOD.AG-l-OPT
verb	illa	-i=lla	TR.IMP=3PL.ABS
verb	illain	-il-i-l-ai=n	il-MOD.AG-l-PURP=3SG.ABS
verb	illain	-il-i-l-ai=n	il-MOD.AG-l-PURP=CON
verb	illain	-il-i-l-ai-n	il-MOD.AG-l-PURP-n
verb	illain	-ill-i-ai=n	ill-MOD.AG-PURP=3SG.ABS
verb	illain	-ill-i-ai=n	ill-MOD.AG-PURP=CON
verb	illain	-ill-i-ai-n	ill-MOD.AG-PURP-n
verb	illandin	-ill-and-i=n	ill-PL.A-MOD.AG=3SG.ABS
verb	illandin	-ill-and-i-n	ill-PL.A-MOD.AG-n
verb	illi	-il-i-le	il-MOD.AG-1JUSS
verb	illilla	-il-i-le=lla	il-MOD.AG-1JUSS=3PL.ABS
verb	imai	-i+m+ai	CVB
verb	ima	-i=ma	ANTIP=CON
verb	ima	-i=ma	TR.IMP=CON
verb	imain	-i+m+ai=n	CVB=3SG.ABS
verb	imain	-i+m+ai-n	CVB-n
verb	iman	-i=m=an	ANTIP=2SG.ABS=CON
verb	iman	-i=man	ANTIP=CON
verb	im	-i=m	ANTIP=2SG.ABS
verb	im	-i=m	ANTIP=CON
verb	im	-i=m	TR.IMP=2SG.ABS
verb	im	-i=m	TR.IMP=CON
verb	imma	-i+m+ai	CVB
verb	imma	-i=mma	ANTIP=2SG.ABS
verb	imma	-i=mma	TR.IMP=2SG.ABS
verb	indain	-ind-i-ai=n	PL.A-MOD.AG-PURP=3SG.ABS
verb	indain	-ind-i-ai=n	PL.A-MOD.AG-PURP=CON
verb	indain	-ind-i-ai-n	PL.A-MOD.AG-PURP-n
verb	induž	-ind-o-ež	PL.A-MOD.AG-OPT
verb	induž	-ind-o-ež	PL.A-MOD.PAT-OPT
verb	in	-e=n	STAT=3SG.ABS
verb	in	-e=n	STAT=CON
verb	in	-i-en	MOD.AG-3JUSS
verb	in	-i=n	ANTIP=3SG.ABS
verb	in	-i=n	ANTIP=CON
verb	in	-i=n	TR.IMP=3SG.ABS
verb	in	-i=n	TR.IMP=CON
verb	inna	-i=nna	ANTIP=3SG.ABS
verb	innnaan	-i-en=nna=an	MOD.AG-3JUSS=3SG.ABS=CON
verb	ippa	-i-b=ma	ANTIP-b=CON
verb	ippa	-i=ffa	ANTIP=2PL.ABS
verb	iribuwi	-i-re-iffu-ve	AG-PTCP-1POSS.SG-GEN
verb	iri	-i-re	AG-PTCP.ABS
verb	irinibi	-i-re-ne-ve	AG-PTCP-RELAT.SG-GEN
verb	iška	-ešk-a	ešk-3A.SG
verb	iška	-ešk-a	ešk-INT
verb	iššal	-i-ež-a=l	MOD.AG-OPT-EPNTH=3PL.ABS
verb	ištab	-išt-a-b	RES-INT-b
verb	išta	-išt-a	RES-3A.SG
verb	išta	-išt-a	RES-INT
verb	ištidi	-išt-ed-i	RES-FUT-ANTIP
verb	ištub	-išt-o-m	RES-TR.PFV-3A.SG
verb	ištu	-išt-o	RES-MOD.PAT
verb	ištu	-išt-u	RES-MED
verb	ištum	-išt-o-m	RES-TR.PFV-3A.SG
verb	i(-)tamašši	-i	ANTIP
verb	i(-)tamašši	-i-d-a-ma-šše	TR-PL.A-3A-NEG-NMLZ.ABS
verb	itta	-ed-d-a	FUT-PL.A-3A
verb	iu	-i-o	TR-2A.SG
verb	iuppuž	-i-uffu-ž	TR-1A.NEG-PL
verb	iuššina	-i-o-šše-na	TR-2A.SG-NMLZ-RELAT.PL.ABS
verb	iuššininna	-i-o-šše-ne-nna	TR-2A.SG-NMLZ-RELAT.SG-EQU2
verb	iuššuna	-i-oššo=nna	TR-2A.PL.NEG=3SG.ABS
verb	iw	-i-o	TR-2A.SG
verb	iža	-iž-a	iž-3A.SG
verb	iža	-iž-a	iž-INT
verb	iža	-iž-a	iž-INT.IMP
verb	ižanna	-iž-a=nna	iž-INT=3SG.ABS
verb	iž	-i-ež	MOD.AG-OPT
verb	iži	-iž-i	iž-ANTIP
verb	la	-l-a	l-INT
verb	-ma	=ma	=CON
verb	ta	-d-a	d-INT
verb	tanida	-d-an-ed-a	d-an-FUT-3A.SG
verb	tani	-d-an-i	d-an-ANTIP
verb	tani	-d-an-i	d-an-TR.IMP
verb	ti	-d-i	d-ANTIP
verb	tin	-d-i-en	d-MOD.AG-3JUSS
verb	ua	-u-a	MED-3A.SG
verb	ubadi	-o-vade	PAT-ADJ.NEG.ABS
verb	uballa	-u-a=lla	MED-3A.SG=3PL.ABS
verb	uba	-u-a	MED-3A.SG
verb	ubin	-o-va-en	MOD.PAT-NEG-3JUSS
verb	ub	-o-m	TR.PFV-3A.SG
verb	ubur	-o-vor	INT-NEG
verb	uda	-ud-a	ud-3A.SG
verb	uda	-ud-a	ud-INT
verb	udi	-ud-i	ud-ANTIP
verb	udi	-ud-i	ud-TR.IMP
verb	udiž	-ud-i-ež	NEG-MOD.AG-OPT
verb	udubadi	-ud-o-vade	ud-PAT-ADJ.NEG.ABS
verb	udulidašši	-ud-ol-ed-a-šše	ud-ol-FUT-3A.SG-NMLZ.ABS
verb	udum	-ud-o-m	NEG-TR.PFV-3A.SG
verb	udum	-ud-o-m	ud-TR.PFV-3A.SG
verb	udu	-ud-u	ud-MED
verb	uġal	-oġ-a=l	oġ-3A.SG=3PL.ABS
verb	uġal	-oġ-a=l	oġ-INT=3PL.ABS
verb	uġama	-oġ-a=ma	oġ-3A.SG=CON
verb	uġama	-oġ-a=ma	oġ-INT=CON
verb	uġa	-oġ-a	oġ-3A.SG
verb	uġa	-oġ-a	oġ-INT
verb	uġa	-oġ-a	oġ-INT.IMP
verb	ugara	-ugar-a	RECIP-3A.SG
verb	ugara	-ugar-a	RECIP-INT
verb	uġida	-oġ-ed-a	oġ-FUT-3A.SG
verb	uġidi	-oġ-ed-i	oġ-FUT-ANTIP
verb	uġi	-oġ-i	oġ-ANTIP
verb	uġiž	-oġ-i-ež	oġ-MOD.AG-OPT
verb	uġulidaan	-oġ-ol-ed-a=an	oġ-ol-FUT-3A.SG=CON
verb	uġulidan	-oġ-ol-ed-a=n	oġ-ol-FUT-3A.SG=3SG.ABS
verb	uġum	-oġ-o-m	oġ-TR.PFV-3A.SG
verb	uġužilai	-oġ-ož-i-l-ai	uġ-ož-MOD.AG-l-PURP
verb	uin	-o-en	MOD.PAT-3JUSS
verb	ukkam	-o-kko=m	INT-NEG=2SG.ABS
verb	ukkam	-o-kko=m	INT-NEG=CON
verb	ukku	-o-kko	INT-NEG
verb	ulaballa	-ol-a-b-a=lla	ol-INT-b-EPNTH=3PL.ABS
verb	uladilai	-ol-ad-i-l-ai	ol-ad-MOD.AG-l-PURP
verb	uladu	-ol-ad-o	ol-ad-MOD.PAT
verb	uladu	-ol-ad-u	ol-ad-MED
verb	ulain	-o-l-ai=n	MOD.PAT-l-PURP=3SG.ABS
verb	ulain	-o-l-ai=n	MOD.PAT-l-PURP=CON
verb	ulain	-o-l-ai-n	MOD.PAT-l-PURP-n
verb	ulain	-ol-i-ai=n	ol-MOD.AG-PURP=3SG.ABS
verb	ulain	-ol-i-ai=n	ol-MOD.AG-PURP=CON
verb	ulain	-ol-i-ai-n	ol-MOD.AG-PURP-n
verb	ulai	-o-l-ai	MOD.PAT-l-PURP
verb	ulai	-ol-i-ai	ol-MOD.AG-PURP
verb	ulaišša	-o-l-ai-ž=nna	MOD.PAT-l-PURP-ž=3SG.ABS
verb	ulaiž	-o-l-ai-ž	MOD.PAT-l-PURP-ž
verb	ulam	-ol-a=m	ol-INT=2SG.ABS
verb	ulam	-ol-a=m	ol-INT=CON
verb	ula	-ol-a	ol-3A.SG
verb	ula	-ol-a	ol-INT
verb	ula	-ol-a	ol-INT.IMP
verb	ulašši	-ol-a-šše	ol-3A.SG-NMLZ.ABS
verb	ulauž	-ol-aw-ž	ol-1A-PL
verb	ulauž	-ul-aw-ž	ul-1A-PL
verb	ulaw	-ol-aw	ol-1A.SG
verb	ulawunna	-ol-aw=nna	ol-1A.SG=3SG.ABS
verb	ulda	-ol-d-a	ol-PL.A-3A
verb	uldašši	-ol-d-a-šše	ol-PL.A-3A-NMLZ.ABS
verb	ulia	-ol-i-a	ol-TR-3A.SG
verb	uliba	-o-l-eva	MOD.PAT-l-POT
verb	ulib	-ol-i-b	ol-ANTIP-b
verb	ulidaan	-ol-ed-a=an	ol-FUT-3A.SG=CON
verb	ulidan	-ol-ed-a=n	ol-FUT-3A.SG=3SG.ABS
verb	ulida	-ol-ed-a	ol-FUT-3A.SG
verb	ulidu	-ol-id-o	ol-PL.A-TR.PFV
verb	ulilida	-ol-il-ed-a	ol-il-FUT-3A.SG
verb	ulillandu	-ol-ill-and-o	ol-ill-PL.A-MOD.PAT
verb	u(-)lilli	-ol-il-i-le	ol-il-MOD.AG-1JUSS
verb	u(-)lilli	-o	MOD.PAT
verb	u(-)lilli	-u	MED
verb	ulimain	-ol-i+m+ai-n	ol-CVB-n
verb	ulima	-ul-i=ma	ul-ANTIP=CON
verb	ulima	-ul-i=ma	ul-TR.IMP=CON
verb	ulim	-ol-i=m	ol-TR.IMP=2SG.ABS
verb	ulinai	-ul-in-i-ai	ul-in-MOD.AG-PURP
verb	ulin	-ol-i-en	ol-MOD.AG-3JUSS
verb	uli	-ol-i	ol-ANTIP
verb	ulišta	-ol-išt-a	ol-RES-3A.SG
verb	ulišta	-ol-išt-a	ol-RES-INT
verb	uližanna	-ol-iž-a=nna	ol-iž-3A.SG=3SG.ABS
verb	uližanna	-ol-iž-a=nna	ol-iž-INT=3SG.ABS
verb	uliž	-o-l-ež	MOD.PAT-l-OPT
verb	ullada	-oll-ad-a	oll-ad-3A.SG
verb	ullada	-oll-ad-a	oll-ad-INT
verb	ullan	-o=lla=an	MOD.PAT=3PL.ABS=CON
verb	ullan	-oll-a=an	oll-INT.IMP=CON
verb	ullan	-oll-a=n	oll-INT.IMP=3SG.ABS
verb	ulla	-o=lla	MOD.PAT=3PL.ABS
verb	ulla	-u=lla	MED=3PL.ABS
verb	ulla	-ull-a	ull-3A.SG
verb	ullima	-ulli=ma	ulli=CON
verb	ulli	-ol-i-le	ol-MOD.AG-1JUSS
verb	ulli	-ull-i	ull-ANTIP
verb	ulli	-ulli	ulli
verb	ul	-o=l	MOD.PAT=3PL.ABS
verb	ulub	-ol-o-m	ol-TR.PFV-3A.SG
verb	uluda	-ol-u-d-a	ol-MED-PL.A-3A
verb	uluda	-ol-ud-a	ol-ud-3A.SG
verb	uluda	-ol-ud-a	ol-ud-INT
verb	uludum	-ol-ud-o-m	ol-NEG-TR.PFV-3A.SG
verb	ulullub	-ol-ull-o-m	ol-ull-TR.PFV-3A.SG
verb	ul	-u=l	MED=3PL.ABS
verb	ulum	-ol-o-m	ol-TR.PFV-3A.SG
verb	ulundašši	-ol-u-nd-a-šše	ol-MED-PL.A-3A-NMLZ.ABS
verb	ulu	-ol-o	ol-MOD.PAT
verb	ulu	-ol-u	ol-MED
verb	uluppu	-ol-uffu	ol-1A.SG.NEG
verb	uluššina	-ol-o-šše-na	ol-2A.SG-NMLZ-RELAT.PL.ABS
verb	uluštib	-ul-ušt-i-b	ul-RES-ANTIP-b
verb	uluštib	-ul-ušt-i=m	ul-RES-ANTIP=2SG.ABS
verb	uluštib	-ul-ušt-i=m	ul-RES-TR.IMP=2SG.ABS
verb	uluštiri	-ol-ošt-i-re	ol-RES-AG-PTCP
verb	uluwa	-ol-u-a	ol-MED-3A.SG
verb	uluža	-ol-ož-a	ol-PST-3A.SG
verb	umailla	-o+m+ai=lla	CVB=3PL.ABS
verb	umaim	-o+m+ai=m	CVB=2SG.ABS
verb	umaim	-o+m+ai=m	CVB=CON
verb	umain	-o+m+ai=n	CVB=3SG.ABS
verb	umain	-o+m+ai-n	CVB-n
verb	umai	-o+m+ai	CVB
verb	umalla	-o-m-a=lla	TR.PFV-3A.SG-EPNTH=3PL.ABS
verb	uma	-o+m+ai	CVB
verb	uma	-o=ma	MOD.PAT=CON
verb	uma	-o-m=ma	TR.PFV-3A.SG=CON
verb	umaššiniba	-o-m-ašše-ne-va	TR.PFV-3A.SG-NMLZ-RELAT.SG-DAT
verb	uma	-u=ma	MED=CON
verb	ummai	-o+m+ai	CVB
verb	ummalla	-o-m-a=lla	TR.PFV-3A.SG-EPNTH=3PL.ABS
verb	umma	-o-m=ma	TR.PFV-3A.SG=CON
verb	umma	-umme-a	INF-ESS
verb	ummia	-umme-a	INF-ESS
verb	ummini	-umme-ne-e	INF-RELAT.SG-DIR/LOC
verb	ummini	-umme-ne	INF-ABL/INS
verb	ummi	-umme	INF.ABS
verb	um	-o=m	MOD.PAT=2SG.ABS
verb	um	-o=m	MOD.PAT=CON
verb	um	-o-m	TR.PFV-3A.SG
verb	um	-u=m	MED=CON
verb	una	-on-a	on-3A.SG
verb	una	-on-a	on-INT
verb	undaššinama	-u-nd-a-šše-na=ma	MED-PL.A-3A-NMLZ-RELAT.PL.ABS=CON
verb	undaššinamma	-u-nd-a-šše-na=mma	MED-PL.A-3A-NMLZ-RELAT.PL.ABS=CON
verb	unila	-on-il-a	on-il-3A.SG
verb	unila	-on-il-a	on-il-INT
verb	unila	-on-i=lla	on-ANTIP=3PL.ABS
verb	uni	-on-i	on-ANTIP
verb	unna	-o=nna	MOD.PAT=3SG.ABS
verb	un	-o=n	MOD.PAT=3SG.ABS
verb	u	-o	2A.SG
verb	u	-o	MOD.AG
verb	u	-o	MOD.PAT
verb	uppa	-uff-a	uff-3A.SG
verb	uppa	-uff-a	uff-INT
verb	uppa	-upp-a	upp-3A.SG
verb	uppa	-upp-a	upp-INT
verb	uppi	-upp-i	upp-ANTIP
verb	uppul	-uffu=l	1A.SG.NEG=3PL.ABS
verb	uppur	-o-vor	INT-NEG
verb	uppu	-uffu	1A.SG.NEG
verb	urab	-ur-a-b	ur-INT-b
verb	ura	-ur-a	ur-INT
verb	uribain	-ur-i-va-en	ur-MOD.AG-NEG-3JUSS
verb	uriba	-ur-i-eva	ur-MOD.AG-POT
verb	urinilla	-o-re-ne-e=lla	PAT-PTCP-RELAT.SG-DIR/LOC=3PL.ABS
verb	urinilla	-o-re-ne=lla	PAT-PTCP-ABL/INS=3PL.ABS
verb	urinilla	-o-re-ne-ž=lla	PAT-PTCP-RELAT.SG-ERG=3PL.ABS
verb	uri	-o-re	PAT-PTCP.ABS
verb	uri	-ur-i	ur-ANTIP
verb	uriž	-o-re-i-ž	PAT-PTCP-3POSS.SG-ERG
verb	uriž	-o-re-ž	PAT-PTCP-ERG
verb	urum	-ur-o-m	ur-TR.PFV-3A.SG
verb	uru	-ur-o	ur-MOD.PAT
verb	uru	-ur-u	ur-MED
verb	uššuinim	-ušš-o-en-i=m	ušš-MOD.PAT-3JUSS-EPNTH=2SG.ABS
verb	uššuinim	-ušš-o-en-i=m	ušš-MOD.PAT-3JUSS-EPNTH=CON
verb	uššuinnim	-ušš-o-en-i=m	ušš-MOD.PAT-3JUSS-EPNTH=2SG.ABS
verb	uššuinnim	-ušš-o-en-i=m	ušš-MOD.PAT-3JUSS-EPNTH=CON
verb	uštabal	-ošt-a-b-a=l	RES-INT-b-EPNTH=3PL.ABS
verb	uštab	-ošt-aw	RES-1A.SG
verb	uštab	-ušt-a-b	RES-INT-b
verb	uštab	-ušt-aw	RES-1A.SG
verb	uštal	-ušt-a=l	RES-3A.SG=3PL.ABS
verb	uštal	-ušt-a=l	RES-INT=3PL.ABS
verb	ušta	-ož-d-a	PST-PL.A-3A
verb	ušta	-ušt-a	RES-3A.SG
verb	uštaw	-ošt-aw	RES-1A.SG
verb	uštil	-o-ež=dil	MOD.PAT-OPT=1PL.ABS
verb	uštil	-ošt-i=l	RES-ANTIP=3PL.ABS
verb	uštil	-ošt-i=l	RES-TR.IMP=3PL.ABS
verb	uštil	-ušt-i=l	RES-ANTIP=3PL.ABS
verb	uštil	-ušt-i=l	RES-TR.IMP=3PL.ABS
verb	ušti	-ošt-i	RES-ANTIP
verb	ušti	-ošt-i	RES-TR.IMP
verb	uštiž	-ošt-i-ež	RES-MOD.AG-OPT
verb	uštugariža	-ošt-ugar-iž-a	RES-RECIP-iž-3A.SG
verb	uštum	-ošt-o-m	RES-TR.PFV-3A.SG
verb	uštum	-ušt-o=m	RES-MOD.PAT=CON
verb	uštum	-ušt-o-m	RES-TR.PFV-3A.SG
verb	uštu	-ošt-o	RES-MOD.PAT
verb	uštu	-ošt-u	RES-MED
verb	uštu	-ušt-o	RES-MOD.PAT
verb	uštu	-ušt-u	RES-MED
verb	uttum	-ud-id-o=m	NEG-PL.A-TR.PFV=2SG.ABS
verb	uttum	-ud-id-o=m	ud-PL.A-TR.PFV=2SG.ABS
verb	u	-u	MED
verb	uwa	-u-a	MED-3A.SG
verb	uwin	-o-en	MOD.PAT-3JUSS
verb	uwin	-o-va-en	MOD.PAT-NEG-3JUSS
verb	užalla	-o-ež-a=lla	MOD.PAT-OPT-EPNTH=3PL.ABS
verb	užamma	-ož-a=mma	PST-3A.SG=2SG.ABS
verb	užamma	-ož-a=mma	PST-3A.SG=CON
verb	uža	-ož-a	PST-3A.SG
verb	užašši	-ož-a-šše	PST-3A.SG-NMLZ.ABS
verb	uždal	-ož-d-a=l	PST-d-3A.SG=3PL.ABS
verb	uždal	-ož-d-a=l	PST-PL.A-3A=3PL.ABS
verb	užida	-ož-ed-a	ož-FUT-3A.SG
verb	užilandin	-ož-ill-and-i=n	ož-ill-PL.A-MOD.AG=3SG.ABS
verb	užilandin	-ož-ill-and-i-n	ož-ill-PL.A-MOD.AG-n
verb	užillaim	-ož-ill-i-ai=m	ož-ill-MOD.AG-PURP=CON
verb	užillain	-ož-ill-i-ai=n	ož-ill-MOD.AG-PURP=3SG.ABS
verb	užillain	-ož-ill-i-ai-n	ož-ill-MOD.AG-PURP-n
verb	užillandin	-ož-ill-and-i=n	ož-ill-PL.A-MOD.AG=3SG.ABS
verb	užillandin	-ož-ill-and-i-n	ož-ill-PL.A-MOD.AG-n
verb	užima	-ož-i=ma	PST-ANTIP=CON
verb	uži	-ož-i	PST-ANTIP
verb	už	-o-ež	MOD.PAT-OPT
verb	užudamma	-ož-ud-a=mma	ož-ud-INT=2SG.ABS
verb	užudam	-ož-ud-a=m	ož-ud-INT=2SG.ABS
verb	užuinim	-ušš-o-en-i=m	ušš-MOD.PAT-3JUSS-EPNTH=2SG.ABS
verb	užuinim	-ušš-o-en-i=m	ušš-MOD.PAT-3JUSS-EPNTH=CON
verb	užum	-ož-o-m	ož-TR.PFV-3A.SG
verb	užu	-ož-o	PST-2A.SG
verb	užu	-ož-u	PST-MED
verb	užušši	-ož-o-šše	PST-2A.SG-NMLZ.ABS
verb	užuž	-ož-o-ež	ož-MOD.PAT-OPT
